world_rank,institution,country,national_rank,quality_of_education,alumni_employment,quality_of_faculty,publications,influence,citations,broad_impact,patents,score,year
1,Harvard University,USA,1,1,1,1,1,1,1,1,2,100,2014
2,Stanford University,USA,2,11,2,4,5,3,3,4,6,99.09,2014
3,Massachusetts Institute of Technology,USA,3,3,11,2,15,2,2,2,1,98.69,2014
4,University of Cambridge,United Kingdom,1,2,10,5,10,9,12,13,48,97.64,2014
5,University of Oxford,United Kingdom,2,7,12,10,11,12,11,12,16,97.51,2014
6,Columbia University,USA,4,13,8,9,14,13,9,13,4,97.41,2014
7,"University of California, Berkeley",USA,5,4,22,6,7,4,3,7,28,92.84,2014
8,University of Chicago,USA,6,10,14,8,17,19,10,18,149,92.03,2014
9,Princeton University,USA,7,5,16,3,70,25,19,41,204,88.56,2014
10,Yale University,USA,8,9,25,11,18,7,32,19,45,88.11,2014
11,Cornell University,USA,9,12,18,19,23,15,23,23,12,85.8,2014
12,California Institute of Technology,USA,10,6,303,7,48,6,16,24,9,85.5,2014
13,University of Tokyo,Japan,1,17,3,33,12,16,28,26,14,80.64,2014
14,University of Pennsylvania,USA,11,21,4,26,8,17,13,10,28,79.3,2014
15,"University of California, Los Angeles",USA,12,27,27,12,6,14,7,6,10,78.35,2014
16,Kyoto University,Japan,2,30,23,15,27,41,61,51,18,73.21,2014
17,New York University,USA,13,33,21,17,49,29,32,31,48,72.29,2014
18,Swiss Federal Institute of Technology in Zurich,Switzerland,1,16,105,13,42,28,45,86,84,72.18,2014
19,Johns Hopkins University,USA,14,24,75,18,4,10,6,3,3,71.17,2014
20,"University of California, San Diego",USA,15,32,478,20,16,5,19,16,13,68.36,2014
21,"University of Michigan, Ann Arbor",USA,16,29,19,131,3,20,5,10,19,68.27,2014
22,Hebrew University of Jerusalem,Israel,1,15,255,16,114,94,493,151,40,66.76,2014
23,Northwestern University,USA,17,151,13,105,28,32,25,27,61,66.18,2014
24,Seoul National University,South Korea,1,355,9,210,38,165,87,107,5,66.06,2014
25,University of Wisconsin–Madison,USA,18,31,28,34,21,24,23,28,28,65.77,2014
26,Duke University,USA,19,65,30,49,22,23,13,15,42,63.56,2014
27,"University of California, San Francisco",USA,20,355,478,23,24,8,17,9,57,63.36,2014
28,University of Illinois at Urbana–Champaign,USA,21,34,80,21,36,45,38,68,64,62.89,2014
29,University of Texas at Austin,USA,22,92,39,24,51,54,26,74,45,62.57,2014
30,University College London,United Kingdom,3,20,406,52,13,22,18,21,121,61.05,2014
31,University of Toronto,Canada,1,71,45,35,2,18,13,8,149,60.87,2014
32,University of Washington - Seattle,USA,23,89,107,46,9,11,8,5,54,60.28,2014
33,Rutgers University-New Brunswick,USA,24,91,33,31,52,47,38,51,54,60,2014
34,Keio University,Japan,3,271,5,210,299,243,310,266,159,59.84,2014
35,École normale supérieure - Paris,France,1,8,478,59,362,156,493,311,737,59.72,2014
36,École Polytechnique,France,2,150,6,208,323,282,250,295,181,59.54,2014
37,Rockefeller University,USA,25,72,478,14,347,26,107,62,227,59.49,2014
38,Weizmann Institute of Science,Israel,2,18,478,22,233,63,250,137,51,59.17,2014
39,Imperial College London,United Kingdom,4,121,98,38,20,27,31,17,34,58.85,2014
40,Waseda University,Japan,4,355,7,210,391,384,283,380,204,58.69,2014
41,University of Virginia,USA,26,194,17,117,93,71,55,89,94,58.6,2014
42,McGill University,Canada,2,45,32,60,35,59,34,32,204,58.39,2014
43,Osaka University,Japan,5,69,36,48,43,55,114,56,34,58.35,2014
44,Dartmouth College,USA,27,46,15,210,246,164,125,132,74,58,2014
45,University of North Carolina at Chapel Hill,USA,28,179,86,61,32,37,22,22,38,57.51,2014
46,"Pennsylvania State University, University Park",USA,29,226,42,65,33,36,26,33,100,57.19,2014
47,"Ohio State University, Columbus",USA,30,93,65,81,30,52,30,37,38,57.01,2014
48,Lomonosov Moscow State University,Russia,1,14,210,50,264,247,310,361,737,56.42,2014
49,"University of Minnesota, Twin Cities",USA,31,61,159,83,19,38,29,29,68,56.13,2014
50,University of Paris-Sud,France,3,26,410,25,69,89,114,102,338,56.06,2014
51,University of Southern California,USA,32,148,74,43,59,64,61,54,33,55.7,2014
52,"Purdue University, West Lafayette",USA,33,81,52,54,72,87,73,121,20,55.67,2014
53,University of Pittsburgh - Pittsburgh Campus,USA,34,76,195,210,25,58,21,24,64,55.67,2014
54,Carnegie Mellon University,USA,35,25,219,27,207,234,52,144,170,55.3,2014
55,Peking University,China,1,355,35,210,65,155,250,155,7,55.3,2014
56,University of Edinburgh,United Kingdom,5,42,131,36,54,42,55,46,307,55.2,2014
57,"University of California, Davis",USA,36,47,192,90,29,31,38,50,68,55.18,2014
58,Washington University in St. Louis,USA,37,96,145,112,39,21,34,19,181,54.93,2014
59,University of Florida,USA,38,212,299,95,34,70,52,63,8,54.76,2014
60,"University of California, Santa Barbara",USA,39,124,252,28,105,53,48,56,68,54.76,2014
61,University of British Columbia,Canada,3,85,298,92,26,34,36,41,78,54.75,2014
62,University of Utah,USA,40,88,91,45,99,62,114,94,22,54.67,2014
63,University of Colorado Boulder,USA,41,75,56,41,97,35,75,77,128,54.5,2014
64,University of Notre Dame,USA,42,197,20,150,241,230,159,238,307,54.25,2014
65,National Taiwan University,Taiwan,1,113,24,210,46,216,283,215,637,54.19,2014
66,University of Texas Southwestern Medical Center,USA,43,50,478,29,127,30,81,34,181,54.07,2014
67,Boston University,USA,44,291,47,84,60,46,43,37,227,53.96,2014
68,Pierre-and-Marie-Curie University,France,4,36,431,86,31,39,99,66,100,53.91,2014
69,University of Manchester,United Kingdom,6,98,73,74,41,68,43,59,94,53.9,2014
70,University of Arizona,USA,45,99,62,87,67,33,37,46,307,53.77,2014
71,Vanderbilt University,USA,46,108,90,113,58,57,52,40,51,53.69,2014
72,Tohoku University,Japan,6,40,241,210,56,112,107,112,21,53.65,2014
73,Karolinska Institute,Sweden,1,126,478,37,55,61,38,36,737,53.64,2014
74,National University of Singapore,Singapore,1,355,99,210,37,136,114,102,23,53.52,2014
75,University of Geneva,Switzerland,2,48,151,30,121,75,99,79,194,53.5,2014
76,"University of Maryland, College Park",USA,47,63,198,51,57,49,38,73,338,53.46,2014
77,University of Rochester,USA,48,60,50,116,112,104,69,70,76,53.06,2014
78,Emory University,USA,49,355,97,210,66,65,73,37,45,53.01,2014
79,University of Copenhagen,Denmark,1,111,143,63,44,44,61,34,481,52.94,2014
80,"University of California, Irvine",USA,50,217,478,42,76,48,48,51,138,52.93,2014
81,Brown University,USA,51,56,46,67,123,66,55,97,170,52.92,2014
82,Ludwig Maximilian University of Munich,Germany,1,43,156,91,64,56,69,48,181,52.75,2014
83,Georgia Institute of Technology,USA,52,123,77,210,104,154,79,101,24,52.74,2014
84,Tufts University,USA,53,68,43,178,164,148,79,81,84,52.71,2014
85,University of Zurich,Switzerland,3,110,404,82,47,43,55,56,94,52.69,2014
86,Tel Aviv University,Israel,3,74,122,56,95,116,176,151,28,52.63,2014
87,Tsinghua University,China,2,294,63,210,79,192,134,162,16,52.6,2014
88,Utrecht University,Netherlands,1,102,181,101,40,51,55,49,338,52.42,2014
89,Ruprecht Karl University of Heidelberg,Germany,2,57,426,58,68,67,61,54,159,52.4,2014
90,King's College London,United Kingdom,7,28,173,114,84,132,87,77,181,52.31,2014
91,Sapienza University of Rome,Italy,1,66,178,32,78,162,250,145,373,52.12,2014
92,Kyushu University,Japan,7,355,41,210,135,170,283,207,27,51.96,2014
93,Swiss Federal Institute of Technology in Lausanne,Switzerland,4,355,130,80,126,121,48,124,41,51.8,2014
94,Katholieke Universiteit Leuven,Belgium,1,355,225,210,53,111,75,59,64,51.72,2014
95,University of Sydney,Australia,1,127,158,162,50,117,61,94,100,51.58,2014
96,Tokyo Institute of Technology,Japan,8,208,48,119,150,157,87,180,44,51.53,2014
97,University of Melbourne,Australia,2,136,101,210,45,74,87,81,194,51.43,2014
98,University of Bonn,Germany,3,23,275,70,156,125,187,145,227,51.37,2014
99,Technical University of Munich,Germany,4,38,138,173,106,92,187,97,100,51.34,2014
100,Royal Institute of Technology,Sweden,2,185,26,106,223,312,310,326,637,51.34,2014
101,Erasmus University Rotterdam,Netherlands,2,355,66,184,88,142,75,45,227,51.29,2014
102,Case Western Reserve University,USA,54,44,208,189,134,97,60,70,100,51.27,2014
103,University of Alberta,Canada,4,163,144,148,61,105,81,99,84,51.23,2014
104,University of Texas MD Anderson Cancer Center,USA,55,355,478,136,92,76,61,30,78,51.19,2014
105,"Texas A&M University, College Station",USA,56,328,94,53,73,90,87,137,280,51.18,2014
106,Arizona State University,USA,57,355,478,72,141,79,69,145,34,51.14,2014
107,Yonsei University,South Korea,2,355,61,210,143,330,250,251,15,50.95,2014
108,Rice University,USA,58,54,313,94,252,144,45,121,61,50.94,2014
109,Technion – Israel Institute of Technology,Israel,4,41,221,39,180,226,187,207,100,50.89,2014
110,University of Helsinki,Finland,1,53,478,77,80,88,99,74,481,50.76,2014
111,University of Oslo,Norway,1,139,266,44,108,126,130,100,373,50.7,2014
112,Michigan State University,USA,59,112,214,210,85,115,45,106,128,50.69,2014
113,Indiana University - Bloomington,USA,60,211,38,175,166,769,176,195,204,50.53,2014
114,University of the Witwatersrand,South Africa,1,79,29,169,456,241,310,472,259,50.4,2014
115,University of Queensland,Australia,3,265,295,134,75,96,125,102,78,50.37,2014
116,Lund University,Sweden,3,132,478,165,81,133,48,70,737,50.34,2014
117,Leiden University,Netherlands,3,107,478,78,82,91,114,66,227,50.29,2014
118,Georgetown University,USA,61,146,37,210,295,323,310,211,159,50.28,2014
119,Aarhus University,Denmark,2,292,188,107,90,78,81,90,194,50.17,2014
120,University of Barcelona,Spain,1,355,207,210,63,107,81,88,259,50.17,2014
121,Baylor College of Medicine,USA,62,355,478,210,111,40,107,41,194,50.12,2014
122,University of Amsterdam,Netherlands,4,182,438,204,74,86,87,68,338,49.97,2014
123,University of Bristol,United Kingdom,8,177,242,76,87,69,99,110,338,49.97,2014
124,Uppsala University,Sweden,4,62,336,111,94,77,99,102,737,49.96,2014
125,University of Iowa,USA,63,223,184,163,103,81,87,110,115,49.95,2014
126,Stony Brook University,USA,64,170,478,68,161,73,69,118,100,49.92,2014
127,University of Groningen,Netherlands,5,293,265,190,71,103,107,79,338,49.89,2014
128,Korea Advanced Institute of Science and Technology (KAIST),South Korea,3,355,85,210,186,262,363,306,11,49.88,2014
129,Radboud University Nijmegen,Netherlands,6,118,155,210,91,120,114,81,552,49.85,2014
130,Korea University,South Korea,4,355,58,210,182,428,220,293,34,49.84,2014
131,University of São Paulo,Brazil,1,302,70,210,62,182,114,162,737,49.82,2014
132,Nagoya University,Japan,9,67,356,69,119,141,134,192,68,49.82,2014
133,University of Colorado Denver,USA,65,355,478,131,140,118,150,61,78,49.79,2014
134,University of Montreal,Canada,5,309,460,210,77,110,87,64,426,49.79,2014
135,Albert Ludwig University of Freiburg,Germany,5,137,113,187,155,106,159,137,64,49.78,2014
136,Ghent University,Belgium,2,115,282,139,89,158,81,129,121,49.73,2014
137,University of Glasgow,United Kingdom,9,219,112,210,118,131,87,92,280,49.64,2014
138,University of Miami,USA,66,355,152,210,159,128,87,114,78,49.62,2014
139,Université libre de Bruxelles,Belgium,3,165,167,57,221,196,81,158,115,49.6,2014
140,Paris Diderot University - Paris 7,France,5,117,478,73,107,60,159,107,426,49.53,2014
141,McMaster University,Canada,6,210,271,159,128,159,87,81,159,49.51,2014
142,University of Birmingham,United Kingdom,10,58,119,198,116,160,150,135,204,49.48,2014
143,University of Texas at Dallas,USA,67,355,244,210,219,100,61,44,307,49.47,2014
144,VU University Amsterdam,Netherlands,7,355,398,210,83,123,87,86,737,49.47,2014
145,Wake Forest University,USA,68,242,59,210,251,236,150,126,128,49.46,2014
146,University of Southampton,United Kingdom,11,315,81,210,115,129,107,129,259,49.42,2014
147,University of Nottingham,United Kingdom,12,128,148,85,113,174,150,135,159,49.41,2014
148,Nanyang Technological University,Singapore,2,355,478,210,110,387,220,251,26,49.35,2014
149,University of New South Wales,Australia,4,172,114,210,100,194,99,164,138,49.29,2014
150,Osaka City University,Japan,10,19,320,210,460,520,283,437,373,49.25,2014
151,University of Leeds,United Kingdom,13,84,93,210,132,134,134,151,280,49.23,2014
152,Western University (The University of Western Ontario),Canada,7,355,49,210,154,198,250,176,426,49.18,2014
153,Kobe University,Japan,11,22,362,96,349,259,283,318,307,49.18,2014
154,University of Basel,Switzerland,5,77,222,66,168,113,134,141,426,49.17,2014
155,University of Hong Kong,Hong Kong,1,272,116,210,98,195,176,118,481,49.1,2014
156,Indiana University-Purdue University Indianapolis,USA,69,355,424,210,195,351,134,121,57,49.08,2014
157,Humboldt University of Berlin,Germany,6,275,478,110,117,84,159,81,373,49.03,2014
158,Free University of Berlin,Germany,7,94,478,119,122,82,250,90,481,49.02,2014
159,University of Tübingen,Germany,8,64,478,102,158,143,159,117,227,48.99,2014
160,Australian National University,Australia,5,186,377,47,137,95,187,196,426,48.96,2014
161,Goethe University Frankfurt,Germany,9,105,291,62,175,151,200,124,280,48.93,2014
162,University of Houston,USA,70,355,40,210,315,291,493,355,89,48.91,2014
163,"University of California, Santa Cruz",USA,71,160,478,99,239,50,114,107,227,48.89,2014
164,University of Alabama at Birmingham,USA,72,355,478,210,139,114,134,74,194,48.88,2014
165,Icahn School of Medicine at Mount Sinai,USA,73,355,478,210,169,80,176,64,159,48.85,2014
166,University of Calgary,Canada,8,355,89,210,147,171,114,132,737,48.84,2014
167,Mines ParisTech,France,6,249,31,165,980,825,609,917,737,48.81,2014
168,University of Gothenburg,Sweden,5,248,321,71,177,186,107,112,737,48.79,2014
169,University of Göttingen,Germany,10,39,174,172,172,152,310,196,373,48.77,2014
170,Monash University,Australia,6,277,134,210,96,146,250,173,159,48.71,2014
171,Southern Methodist University,USA,74,157,34,210,632,677,406,628,737,48.69,2014
172,Yeshiva University,USA,75,174,478,210,188,85,159,94,138,48.67,2014
173,University of South Florida - Tampa,USA,76,355,284,210,242,263,159,164,51,48.65,2014
174,Hanyang University,South Korea,5,355,69,210,292,481,406,415,28,48.63,2014
175,Oregon Health & Science University,USA,77,355,478,119,191,124,107,92,227,48.61,2014
176,University of Strasbourg,France,7,59,478,55,190,135,250,224,204,48.61,2014
177,University of Cincinnati,USA,78,305,132,210,145,166,159,129,204,48.6,2014
178,University of Sheffield,United Kingdom,14,131,257,190,124,127,114,145,227,48.55,2014
179,University of Hamburg,Germany,11,304,146,126,152,138,134,132,637,48.54,2014
180,George Washington University,USA,79,176,53,210,312,229,187,203,307,48.48,2014
181,University of Milan,Italy,2,162,467,178,109,183,200,114,481,48.48,2014
182,Iowa State University,USA,80,273,190,109,142,173,75,176,338,48.47,2014
183,"University of Maryland, Baltimore",USA,81,355,478,210,125,102,134,114,280,48.4,2014
184,University of Padua,Italy,3,278,478,210,101,99,176,126,737,48.4,2014
185,University of New Mexico,USA,82,355,478,210,227,168,61,137,149,48.36,2014
186,Pohang University of Science and Technology,South Korea,6,355,478,210,279,346,220,295,25,48.35,2014
187,Stockholm University,Sweden,6,184,106,183,202,93,99,185,637,48.27,2014
188,Hokkaido University,Japan,12,260,378,126,138,172,283,251,61,48.18,2014
189,Fudan University,China,3,355,126,210,120,264,310,230,100,48.14,2014
190,University of Sussex,United Kingdom,15,138,218,40,368,261,176,306,481,48.12,2014
191,Université catholique de Louvain,Belgium,4,355,269,103,179,286,134,160,181,48.08,2014
192,Wayne State University,USA,83,355,186,210,187,258,125,155,181,48.07,2014
193,University of Massachusetts Medical School,USA,84,355,478,136,288,72,187,118,170,48.06,2014
194,University of Lausanne,Switzerland,6,95,338,210,237,108,134,128,637,48.05,2014
195,Shanghai Jiao Tong University,China,4,325,149,210,102,250,250,234,138,48.02,2014
196,University of Missouri–Columbia,USA,85,243,96,97,220,213,220,234,149,48.02,2014
197,Technical University of Denmark,Denmark,3,339,478,195,240,257,200,238,48,47.98,2014
198,Complutense University of Madrid,Spain,2,86,55,206,213,309,406,339,204,47.97,2014
199,University of Cologne,Germany,12,355,109,194,215,150,187,161,426,47.97,2014
200,"Trinity College, Dublin",Ireland,1,319,68,193,301,249,150,201,227,47.96,2014
201,University of Bern,Switzerland,7,166,478,205,167,119,99,155,426,47.93,2014
202,Chinese University of Hong Kong,Hong Kong,2,90,478,88,171,386,159,203,204,47.83,2014
203,University of Kansas,USA,86,216,83,210,209,161,159,234,194,47.82,2014
204,Sungkyunkwan University,South Korea,7,355,191,210,206,331,187,295,54,47.79,2014
205,University of Vienna,Austria,1,200,160,100,225,147,150,192,737,47.78,2014
206,Zhejiang University,China,5,355,293,210,86,318,493,290,94,47.76,2014
207,University of Georgia,USA,87,104,193,169,176,122,187,247,128,47.75,2014
208,University of Massachusetts Amherst,USA,88,199,118,154,194,190,159,201,373,47.74,2014
209,Cardiff University,United Kingdom,16,306,183,135,183,153,310,189,170,47.74,2014
210,University of Münster,Germany,13,114,456,171,173,197,114,180,338,47.73,2014
211,University of Liverpool,United Kingdom,17,159,248,200,149,163,134,189,373,47.69,2014
212,University of Ottawa,Canada,9,355,287,210,185,191,159,141,481,47.69,2014
213,University of Erlangen-Nuremberg,Germany,14,222,478,210,170,208,134,145,307,47.69,2014
214,Queen Mary University of London,United Kingdom,18,133,348,210,231,181,220,141,227,47.67,2014
215,Karlsruhe Institute of Technology,Germany,15,343,170,122,193,271,150,249,109,47.67,2014
216,Louisiana State University - Baton Rouge,USA,89,256,179,210,162,179,159,176,481,47.67,2014
217,Nanjing University,China,6,331,447,210,148,371,363,288,57,47.67,2014
218,University of Illinois at Chicago,USA,90,355,416,210,131,189,220,185,170,47.63,2014
219,University of Bologna,Italy,4,342,319,210,130,283,187,169,552,47.59,2014
220,University of Manitoba,Canada,10,149,84,150,257,297,220,249,227,47.56,2014
221,Joseph Fourier University,France,8,181,478,210,136,101,220,207,159,47.54,2014
222,"University of California, Riverside",USA,91,228,478,210,199,98,134,169,259,47.53,2014
223,Julius-Maximilian's University of Würzburg,Germany,16,100,407,164,216,178,200,173,481,47.5,2014
224,Aix-Marseille University,France,9,220,472,210,129,83,176,215,227,47.48,2014
225,University of Western Australia,Australia,7,145,397,140,165,214,283,176,373,47.47,2014
226,Laval University,Canada,11,285,296,210,212,270,220,200,109,47.47,2014
227,"University of Tennessee, Knoxville",USA,92,300,117,210,192,177,134,224,481,47.45,2014
228,North Carolina State University,USA,93,245,194,210,151,202,159,238,181,47.43,2014
229,Newcastle University,United Kingdom,19,355,250,210,200,149,200,164,481,47.42,2014
230,Claude Bernard University Lyon 1,France,10,355,478,210,133,130,220,196,204,47.42,2014
231,University of Turin,Italy,5,311,471,159,214,272,220,151,552,47.4,2014
232,University of Kiel,Germany,17,180,396,192,236,185,220,158,280,47.39,2014
233,University of Connecticut,USA,94,282,402,210,160,187,200,185,204,47.35,2014
234,Tulane University,USA,95,298,92,210,363,298,283,215,194,47.34,2014
235,University of Oklahoma - Norman Campus,USA,96,355,124,210,238,223,176,203,307,47.33,2014
236,Brandeis University,USA,97,49,311,79,527,169,493,322,128,47.31,2014
237,Dresden University of Technology,Germany,18,355,478,210,218,227,176,211,109,47.26,2014
238,RWTH Aachen University,Germany,19,346,286,122,197,364,187,230,138,47.26,2014
239,University of Texas Health Science Center at San Antonio,USA,98,355,478,210,314,224,130,145,373,47.26,2014
240,Virginia Commonwealth University,USA,99,355,428,145,263,233,200,189,149,47.26,2014
241,University of Montpellier 2,France,11,355,358,165,174,137,200,196,280,47.25,2014
242,Dalian University of Technology,China,7,355,67,210,326,666,406,472,74,47.22,2014
243,Rensselaer Polytechnic Institute,USA,100,120,121,210,375,344,159,272,138,47.2,2014
244,Paul Sabatier University - Toulouse III,France,12,355,478,210,153,109,250,192,426,47.19,2014
245,Paris Descartes University,France,13,202,478,210,189,139,363,173,426,47.18,2014
246,National Cheng Kung University,Taiwan,2,355,60,210,157,545,800,395,307,47.16,2014
247,University of Delaware,USA,101,297,386,126,265,305,250,277,76,47.16,2014
248,Vrije Universiteit Brussel,Belgium,5,73,478,210,271,276,130,220,552,47.14,2014
249,Johannes Gutenberg University of Mainz,Germany,20,355,478,188,204,167,250,164,637,47.14,2014
250,Maastricht University,Netherlands,8,355,478,210,208,376,283,164,307,47.11,2014
251,University of Düsseldorf,Germany,21,168,478,210,298,207,159,169,637,47.05,2014
252,University of Dundee,United Kingdom,20,164,478,210,354,200,134,184,227,47.04,2014
253,University of Tsukuba,Japan,13,183,478,108,226,239,176,220,259,47,2014
254,Autonomous University of Barcelona,Spain,3,355,478,210,146,218,250,224,204,46.99,2014
255,Florida State University,USA,102,355,288,210,201,180,134,220,338,46.98,2014
256,University of Texas at San Antonio,USA,103,355,478,210,410,334,125,180,227,46.95,2014
257,London School of Hygiene & Tropical Medicine,United Kingdom,21,355,478,154,302,306,250,169,737,46.93,2014
258,Lehigh University,USA,104,355,44,210,594,512,609,523,481,46.91,2014
259,University of Kentucky,USA,105,317,270,210,184,219,250,220,338,46.9,2014
260,Thomas Jefferson University,USA,106,134,478,210,331,302,200,180,373,46.89,2014
261,Drexel University,USA,107,355,262,210,366,322,220,266,89,46.89,2014
262,Colorado State University - Fort Collins,USA,108,203,478,143,234,201,250,211,259,46.88,2014
263,University of Leicester,United Kingdom,22,355,478,210,254,140,220,185,373,46.87,2014
264,Durham University,United Kingdom,23,122,237,210,250,203,250,230,373,46.87,2014
265,Oregon State University,USA,109,175,268,210,247,145,176,238,338,46.82,2014
266,University of Florence,Italy,6,316,304,93,211,256,200,261,637,46.8,2014
267,University of Cape Town,South Africa,2,97,169,142,333,244,220,274,552,46.78,2014
268,"University at Buffalo, The State University of New York",USA,110,355,418,210,203,285,200,230,204,46.78,2014
269,University College Dublin,Ireland,2,227,182,210,276,280,150,251,307,46.77,2014
270,University of Science and Technology of China,China,8,355,238,210,144,275,363,266,481,46.75,2014
271,Virginia Polytechnic Institute and State University,USA,111,270,185,210,196,267,200,281,227,46.72,2014
272,University of Naples Federico II,Italy,7,324,475,210,163,333,200,238,737,46.67,2014
273,University of Auckland,New Zealand,1,230,455,210,266,235,283,251,138,46.65,2014
274,University of Texas Health Science Center at Houston,USA,112,355,478,150,267,175,220,215,373,46.64,2014
275,Delft University of Technology,Netherlands,9,289,374,210,222,212,250,245,227,46.63,2014
276,University of Aberdeen,United Kingdom,24,347,223,210,282,217,250,224,481,46.63,2014
277,Queen's University,Canada,12,301,172,210,253,273,220,281,204,46.59,2014
278,University of Lisbon,Portugal,1,327,478,147,178,321,220,256,426,46.59,2014
279,Hiroshima University,Japan,14,355,478,210,294,274,283,266,109,46.59,2014
280,University of Waterloo,Canada,13,355,125,210,205,352,283,306,637,46.58,2014
281,Okayama University,Japan,15,355,226,210,332,335,250,322,94,46.57,2014
282,University of Ulm,Germany,22,355,478,122,285,232,310,207,737,46.57,2014
283,Chulalongkorn University,Thailand,1,355,51,210,580,752,406,585,737,46.55,2014
284,Dalhousie University,Canada,14,355,153,210,289,251,250,272,338,46.52,2014
285,Saint Petersburg State University,Russia,2,37,129,210,619,620,609,756,737,46.49,2014
286,Norwegian University of Science and Technology,Norway,2,231,163,210,274,350,220,277,373,46.49,2014
287,University of Reading,United Kingdom,25,241,78,210,393,319,220,355,481,46.49,2014
288,Wageningen University and Research Centre,Netherlands,10,267,478,141,217,176,363,256,552,46.48,2014
289,Umeå University,Sweden,7,355,478,210,277,199,220,215,737,46.44,2014
290,University of Porto,Portugal,2,83,427,89,269,394,250,349,426,46.42,2014
291,Hong Kong University of Science and Technology,Hong Kong,3,355,279,210,256,469,363,295,128,46.42,2014
292,Sun Yat-sen University,China,9,355,328,210,198,424,310,313,138,46.42,2014
293,Medical College of Wisconsin,USA,113,355,478,210,338,279,220,203,737,46.42,2014
294,City College of New York,USA,114,35,236,210,677,444,406,569,373,46.41,2014
295,Hannover Medical School,Germany,23,355,478,210,324,252,363,211,280,46.41,2014
296,"Washington State University, Pullman",USA,115,355,267,122,293,221,310,295,170,46.4,2014
297,Technical University of Berlin,Germany,24,80,276,210,353,432,406,372,115,46.39,2014
298,University of South Carolina - Columbia,USA,116,355,440,182,262,353,130,266,737,46.37,2014
299,Leipzig University,Germany,25,308,478,201,287,268,800,224,307,46.36,2014
300,University of Stuttgart,Germany,26,78,175,210,379,367,363,346,280,46.34,2014
301,University of Valencia,Spain,4,355,464,210,210,342,220,261,552,46.34,2014
302,Linköping University,Sweden,8,355,177,210,290,345,310,274,737,46.32,2014
303,University of Duisburg-Essen,Germany,27,355,453,210,284,288,406,234,426,46.31,2014
304,Ruhr University Bochum,Germany,28,355,283,210,235,222,406,265,637,46.31,2014
305,University of Bergen,Norway,3,355,478,210,249,206,283,245,737,46.31,2014
306,London School of Economics,United Kingdom,26,70,139,75,520,742,310,596,737,46.3,2014
307,Wesleyan University,USA,117,130,54,210,986,538,609,832,737,46.3,2014
308,University of Pisa,Italy,8,268,465,210,229,368,200,266,426,46.3,2014
309,Autonomous University of Madrid,Spain,5,355,449,210,228,245,310,261,426,46.29,2014
310,Medical University of Vienna,Austria,2,355,478,210,275,242,283,238,426,46.29,2014
311,Stellenbosch University,South Africa,3,355,64,210,545,494,310,504,259,46.26,2014
312,Medical University of South Carolina,USA,118,355,478,210,322,357,310,224,552,46.25,2014
313,Charles University in Prague,Czech Republic,1,337,478,210,243,231,220,256,637,46.23,2014
314,Kyungpook National University,South Korea,8,355,446,210,358,661,283,420,68,46.23,2014
315,"University of Science, Malaysia",Malaysia,1,355,478,210,700,877,609,819,42,46.23,2014
316,University of Liège,Belgium,6,135,478,136,313,215,310,295,227,46.21,2014
317,University of Hull,United Kingdom,27,287,253,158,612,554,493,256,552,46.21,2014
318,Northeastern University,USA,119,295,171,210,383,307,250,375,115,46.2,2014
319,Kansas State University,USA,120,116,165,210,348,313,220,346,259,46.2,2014
320,University of Vermont,USA,121,178,215,210,364,300,406,277,373,46.2,2014
321,Rush University,USA,122,355,478,210,424,412,150,247,737,46.18,2014
322,University of Louisville,USA,123,355,389,210,335,383,406,295,138,46.15,2014
323,University of St Andrews,United Kingdom,28,125,478,210,317,193,363,281,280,46.15,2014
324,University of Warwick,United Kingdom,29,198,394,210,224,253,200,326,259,46.13,2014
325,University of Rome Tor Vergata,Italy,9,355,478,210,260,260,283,261,737,46.13,2014
326,University of Innsbruck,Austria,3,190,415,115,413,225,310,281,373,46.12,2014
327,Darmstadt University of Technology,Germany,29,55,258,210,374,417,493,420,227,46.11,2014
328,Indian Institute of Technology Delhi,India,1,355,57,210,644,928,800,756,426,46.1,2014
329,Federal University of Rio de Janeiro,Brazil,2,261,120,210,304,326,493,402,181,46.08,2014
330,University of Antwerp,Belgium,7,355,478,210,258,314,220,274,373,46.08,2014
331,National and Kapodistrian University of Athens,Greece,1,355,246,210,248,433,310,306,737,46.06,2014
332,Boston College,USA,124,355,95,210,548,380,200,386,338,46.06,2014
333,Vita-Salute San Raffaele University,Italy,10,355,478,210,484,303,310,238,737,46.06,2014
334,Gwangju Institute of Science and Technology,South Korea,9,355,478,210,528,565,406,543,57,46.02,2014
335,University of Nebraska–Lincoln,USA,125,154,256,210,272,246,250,337,426,46.02,2014
336,University of York,United Kingdom,30,355,478,210,272,209,159,295,481,45.99,2014
337,National Autonomous University of Mexico,Mexico,1,299,478,210,181,204,406,326,481,45.99,2014
338,University of Regensburg,Germany,30,355,382,210,303,248,310,277,737,45.98,2014
339,Yokohama National University,Japan,16,52,135,126,841,812,609,749,338,45.97,2014
340,University of Adelaide,Australia,8,201,400,210,244,254,283,313,737,45.97,2014
341,University of Genoa,Italy,11,355,478,210,291,429,250,281,373,45.95,2014
342,Queen's University Belfast,United Kingdom,31,169,399,210,308,284,283,295,737,45.95,2014
343,University of Marburg,Germany,31,290,478,209,328,237,283,293,259,45.92,2014
344,University of Pavia,Italy,12,276,385,206,329,359,283,288,637,45.92,2014
345,"St George's, University of London",United Kingdom,32,355,478,210,525,459,310,256,552,45.91,2014
346,University of Oregon,USA,126,334,478,210,370,205,200,281,637,45.89,2014
347,University of Navarra,Spain,6,355,72,210,582,734,800,523,426,45.88,2014
348,San Diego State University,USA,127,240,187,210,480,290,200,341,481,45.88,2014
349,Nankai University,China,10,318,168,210,311,456,493,361,280,45.87,2014
350,University of East Anglia,United Kingdom,33,187,478,174,356,210,187,318,637,45.87,2014
351,University of Nebraska Medical Center,USA,128,355,478,210,469,395,363,339,128,45.83,2014
352,University of Southern Denmark,Denmark,4,355,478,210,380,316,310,290,280,45.83,2014
353,Eindhoven University of Technology,Netherlands,11,355,315,181,296,555,310,334,307,45.82,2014
354,Xiamen University,China,11,355,100,210,371,507,609,472,307,45.8,2014
355,University of Otago,New Zealand,2,355,372,210,318,338,220,313,637,45.8,2014
356,University of Santiago de Compostela,Spain,7,355,478,210,373,634,406,386,100,45.79,2014
357,University of Exeter,United Kingdom,34,250,371,210,309,188,406,322,481,45.79,2014
358,University of Jena,Germany,32,355,478,210,278,255,363,311,426,45.79,2014
359,University of Perugia,Italy,13,355,478,210,367,341,406,281,637,45.78,2014
360,Justus Liebig University Giessen,Germany,33,355,478,210,336,349,363,318,204,45.78,2014
361,College of William and Mary,USA,129,355,82,210,639,442,310,523,637,45.77,2014
362,Ben-Gurion University of the Negev,Israel,5,355,478,165,280,382,406,386,138,45.76,2014
363,Saint Louis University,USA,130,355,342,195,468,287,493,318,227,45.75,2014
364,Colorado School of Mines,USA,131,355,76,210,653,577,310,596,637,45.74,2014
365,Oklahoma State University–Stillwater,USA,132,221,111,210,427,623,310,472,307,45.74,2014
366,University of Guelph,Canada,15,355,478,210,319,289,125,349,373,45.74,2014
367,University of Trieste,Italy,14,355,478,210,378,295,283,295,426,45.73,2014
368,University of Verona,Italy,15,355,478,210,509,489,220,290,737,45.71,2014
369,"University at Albany, SUNY",USA,133,161,478,161,402,372,187,355,338,45.7,2014
370,Tongji University,China,12,152,102,210,401,547,609,690,204,45.7,2014
371,Eötvös Loránd University,Hungary,1,87,478,104,539,403,250,430,637,45.69,2014
372,University of Alabama - Tuscaloosa,USA,134,312,137,210,513,499,283,409,338,45.69,2014
373,University of Eastern Finland,Finland,2,355,478,210,377,410,310,295,737,45.69,2014
374,Ewha Womans University,South Korea,10,355,478,210,474,505,609,452,89,45.67,2014
375,City University of Hong Kong,Hong Kong,4,355,478,210,255,893,493,343,259,45.67,2014
376,Tokyo Medical and Dental University,Japan,17,355,478,210,442,299,609,306,307,45.67,2014
377,University of Victoria,Canada,16,355,478,210,320,337,363,313,737,45.66,2014
378,University of Buenos Aires,Argentina,1,192,477,176,268,348,363,349,737,45.66,2014
379,University of Texas Medical Branch at Galveston,USA,135,355,478,210,365,294,363,334,227,45.66,2014
380,Kyung Hee University,South Korea,11,239,445,210,398,626,609,569,84,45.66,2014
381,Hong Kong Polytechnic University,Hong Kong,5,355,189,210,261,764,406,395,481,45.65,2014
382,Saarland University,Germany,34,355,370,210,390,402,493,326,307,45.65,2014
383,Scuola Normale Superiore di Pisa,Italy,16,229,478,64,530,533,363,488,737,45.63,2014
384,University of Seville,Spain,8,355,478,210,339,556,493,523,89,45.63,2014
385,Beijing Normal University,China,13,51,478,210,408,490,406,504,737,45.61,2014
386,Chiba University,Japan,18,355,478,210,342,315,406,343,204,45.6,2014
387,University of Ferrara,Italy,17,355,478,210,399,393,310,313,552,45.6,2014
388,University of Bari Aldo Moro,Italy,18,355,478,210,345,336,493,326,338,45.6,2014
389,Polytechnic University of Milan,Italy,19,101,203,186,360,532,609,504,280,45.59,2014
390,Temple University,USA,136,262,478,210,341,378,493,355,194,45.59,2014
391,University of Turku,Finland,3,355,478,210,320,332,609,326,481,45.58,2014
392,Aalto University,Finland,4,355,251,210,344,434,609,460,138,45.58,2014
393,Simon Fraser University,Canada,17,355,478,210,286,281,406,341,373,45.58,2014
394,Tianjin University,China,14,355,87,210,406,926,800,663,426,45.57,2014
395,Chalmers University of Technology,Sweden,9,349,332,210,359,435,493,337,737,45.57,2014
396,Middle East Technical University,Turkey,1,355,79,210,529,904,493,724,737,45.57,2014
397,Cranfield University,United Kingdom,35,355,71,210,728,731,800,769,737,45.56,2014
398,York University,Canada,18,355,164,210,397,396,250,409,737,45.55,2014
399,Xi'an Jiaotong University,China,15,355,127,210,307,595,800,642,181,45.55,2014
400,Chonnam National University,South Korea,12,355,478,210,411,652,363,430,115,45.55,2014
401,University of Central Florida,USA,137,355,468,210,388,391,493,380,149,45.55,2014
402,University of Lorraine,France,14,213,301,185,300,361,493,442,181,45.55,2014
403,University of Bordeaux II,France,15,355,478,210,440,385,363,322,426,45.54,2014
404,University of New Hampshire,USA,138,355,346,131,511,277,200,366,637,45.53,2014
405,Versailles Saint-Quentin-en-Yvelines University,France,16,355,478,210,452,240,283,326,637,45.53,2014
406,Chonbuk National University,South Korea,13,355,478,210,512,741,800,618,78,45.51,2014
407,Kumamoto University,Japan,19,279,325,210,473,400,493,380,170,45.51,2014
408,Huazhong University of Science and Technology,China,16,355,232,210,259,656,609,504,181,45.5,2014
409,Brunel University,United Kingdom,36,355,147,210,486,612,609,420,481,45.5,2014
410,Polytechnic University of Catalonia,Spain,9,355,451,210,386,583,406,514,109,45.49,2014
411,National Chiao Tung University,Taiwan,3,355,220,210,232,638,609,442,737,45.49,2014
412,Southeast University,China,17,158,409,210,412,695,609,514,121,45.49,2014
413,Tokyo University of Science,Japan,20,355,478,210,504,516,406,402,128,45.48,2014
414,Catholic University of the Sacred Heart,Italy,20,355,478,210,422,500,609,326,737,45.47,2014
415,Brigham Young University,USA,139,288,444,210,495,423,283,415,149,45.47,2014
416,Technical University of Madrid,Spain,10,206,200,210,478,672,609,749,109,45.47,2014
417,Nagasaki University,Japan,21,274,128,210,567,579,493,514,307,45.46,2014
418,National Tsing Hua University,Taiwan,4,244,478,210,230,406,493,386,552,45.46,2014
419,University of Warsaw,Poland,1,119,478,145,400,488,363,402,637,45.45,2014
420,King Saud University,Saudi Arabia,1,355,133,210,611,537,800,897,115,45.45,2014
421,University of Bath,United Kingdom,37,355,352,210,387,379,310,355,552,45.44,2014
422,Concordia University,Canada,19,355,110,210,540,687,493,543,552,45.44,2014
423,Georgia Regents University,USA,140,355,478,210,579,471,310,334,737,45.43,2014
424,Niigata University,Japan,22,355,217,210,503,506,363,420,204,45.43,2014
425,University of Oulu,Finland,5,253,354,210,426,360,493,361,373,45.43,2014
426,Pompeu Fabra University,Spain,11,355,478,210,409,184,609,343,481,45.43,2014
427,Vienna University of Technology,Austria,4,351,413,210,381,365,406,420,159,45.43,2014
428,Sogang University,South Korea,14,355,478,210,781,792,800,889,68,45.43,2014
429,Gyeongsang National University,South Korea,15,355,478,210,626,663,800,618,84,45.43,2014
430,University of Tampere,Finland,6,355,235,210,554,461,493,370,637,45.41,2014
431,University of Milan - Bicocca,Italy,21,355,478,210,404,328,406,355,280,45.41,2014
432,University of Bordeaux I,France,17,355,478,210,327,228,406,361,426,45.41,2014
433,Swedish University of Agricultural Sciences,Sweden,10,355,478,210,376,266,363,346,737,45.4,2014
434,George Mason University,USA,141,355,478,97,449,374,283,415,637,45.4,2014
435,Jilin University,China,18,224,469,210,270,467,493,395,373,45.4,2014
436,University of Delhi,India,2,263,88,210,701,732,800,769,637,45.4,2014
437,University of Campinas,Brazil,3,355,478,210,297,534,406,386,227,45.39,2014
438,Wuhan University,China,19,355,228,210,310,627,609,420,481,45.39,2014
439,West Virginia University,USA,142,314,180,210,441,419,406,430,637,45.39,2014
440,Pusan National University,South Korea,16,355,422,210,395,511,363,496,128,45.38,2014
441,University of Mississippi - Oxford Campus,USA,143,355,478,210,384,478,220,361,552,45.38,2014
442,University of Arkansas for Medical Sciences,USA,144,355,478,210,488,542,609,349,280,45.37,2014
443,Miami University,USA,145,355,104,210,712,501,406,642,737,45.37,2014
444,University of Tokushima,Japan,23,109,478,210,603,455,493,504,149,45.36,2014
445,University of Twente,Netherlands,12,355,478,210,343,477,363,366,338,45.36,2014
446,Loyola University Chicago,USA,146,355,350,210,538,414,609,349,737,45.36,2014
447,Ajou University,South Korea,17,355,343,210,646,802,609,663,94,45.35,2014
448,Syracuse University,USA,147,129,249,210,459,479,310,488,338,45.34,2014
449,Lancaster University,United Kingdom,38,355,339,210,372,398,250,380,637,45.33,2014
450,Pontifical Catholic University of Chile,Chile,1,330,263,210,450,310,493,395,426,45.33,2014
451,University of Chile,Chile,2,232,278,210,416,375,493,409,552,45.29,2014
452,Innsbruck Medical University,Austria,5,355,478,210,482,401,800,349,637,45.29,2014
453,University of Granada,Spain,12,355,478,210,316,451,310,442,194,45.29,2014
454,Kanazawa University,Japan,24,355,327,210,455,409,493,375,373,45.29,2014
455,University of Parma,Italy,22,355,431,210,421,440,310,372,637,45.28,2014
456,University of Siena,Italy,23,355,478,210,407,356,310,366,737,45.27,2014
457,Shandong University,China,20,355,466,210,245,588,493,437,481,45.27,2014
458,Technical University of Dortmund,Germany,35,355,478,210,454,539,406,430,170,45.26,2014
459,University of KwaZulu-Natal,South Africa,4,355,142,210,584,436,310,554,737,45.26,2014
460,"University of Nevada, Reno",USA,148,355,347,210,516,325,250,380,637,45.26,2014
461,Yokohama City University,Japan,25,355,196,210,650,362,800,460,338,45.26,2014
462,École normale supérieure de Lyon,France,18,355,478,126,489,220,493,395,737,45.25,2014
463,University College Cork,Ireland,3,355,359,210,423,464,406,420,227,45.25,2014
464,Ohio University,USA,149,196,176,210,568,474,493,554,280,45.25,2014
465,Central South University,China,21,355,162,210,330,855,609,596,373,45.24,2014
466,University of Modena and Reggio Emilia,Italy,24,355,478,210,435,485,310,370,637,45.23,2014
467,New Mexico State University,USA,150,355,369,210,677,630,200,386,737,45.23,2014
468,University of Konstanz,Germany,36,355,478,157,475,347,493,395,481,45.22,2014
469,University of Hawaii at Manoa,USA,151,355,379,148,451,211,363,452,373,45.22,2014
470,University of Nebraska Omaha,USA,152,355,349,210,643,521,406,372,737,45.22,2014
471,Shinshu University,Japan,26,355,333,210,564,568,283,442,204,45.22,2014
472,University of Strathclyde,United Kingdom,39,355,245,210,382,454,406,460,426,45.22,2014
473,Baylor University,USA,153,355,351,210,578,566,220,395,637,45.21,2014
474,Polytechnic University of Valencia,Spain,13,355,478,210,361,468,609,430,204,45.21,2014
475,Harbin Institute of Technology,China,22,355,289,210,283,875,609,496,338,45.21,2014
476,University of Rennes 1,France,19,355,478,210,351,355,609,402,307,45.2,2014
477,University of Arkansas - Fayetteville,USA,154,189,260,210,506,513,310,482,373,45.2,2014
478,Aristotle University of Thessaloniki,Greece,2,355,478,210,334,649,493,386,637,45.2,2014
479,Jagiellonian University,Poland,2,355,478,210,396,466,609,375,552,45.19,2014
480,Texas Tech University (TTU),USA,155,355,277,210,392,508,250,460,552,45.19,2014
481,University of Rostock,Germany,37,352,478,210,433,615,800,380,338,45.19,2014
482,University of Akron,USA,156,355,421,210,637,660,609,596,121,45.18,2014
483,University of Saskatchewan,Canada,20,320,380,210,337,427,310,442,373,45.18,2014
484,Juntendo University,Japan,27,355,478,210,645,482,406,366,737,45.18,2014
485,University of Wyoming,USA,157,355,224,210,531,327,363,472,426,45.18,2014
486,Macquarie University,Australia,9,355,452,210,416,292,283,409,552,45.18,2014
487,University of Canterbury,New Zealand,3,173,154,210,561,426,493,628,737,45.17,2014
488,University of Denver,USA,158,283,141,210,906,487,493,628,552,45.16,2014
489,Illinois Institute of Technology,USA,159,251,123,210,767,718,800,716,737,45.15,2014
490,Creighton University,USA,160,355,478,210,792,618,250,375,637,45.15,2014
491,Bielefeld University,Germany,38,355,478,210,487,370,493,375,737,45.15,2014
492,University of Malaya,Malaysia,2,355,115,210,670,910,493,769,426,45.15,2014
493,University of Ulsan,South Korea,18,355,247,210,437,662,609,460,637,45.14,2014
494,City University London,United Kingdom,40,355,103,210,808,868,800,874,637,45.14,2014
495,Grenoble Institute of Technology,France,20,355,478,210,340,525,609,430,307,45.14,2014
496,Federal University of Minas Gerais,Brazil,4,355,462,210,430,476,493,514,170,45.14,2014
497,University of Hanover,Germany,39,355,392,210,431,527,406,452,259,45.14,2014
498,South China University of Technology,China,23,355,292,210,403,650,493,514,227,45.12,2014
